7IM AAP Adventurous C Acc,GB00B2PB2C75
7IM AAP Adventurous C Inc,GB00B2PB2B68
7IM AAP Balanced C Acc,GB00B2PB3794
7IM AAP Balanced C Inc,GB00B2PB2V64
7IM AAP Income C Acc,GB0033954024
7IM AAP Income C Inc,GB0033953943
7IM AAP Moderately Adventurous C Acc,GB00B2PB2M73
7IM AAP Moderately Adventurous C Inc,GB00B2PB2K59
7IM AAP Moderately Cautious C Acc,GB00B2PB2168
7IM AAP Moderately Cautious C Inc,GB00B2PB2051
7IM Adventurous C Acc,GB0033958009
7IM Adventurous C Inc,GB0033957704
7IM Balanced C Acc,GB0033959742
7IM Balanced C Inc,GB0033959296
7IM Cautious C Acc,GB00BVYPGT82
7IM Cautious C Inc,GB00BVYPGS75
7IM Moderately Adventurous C Acc,GB0033956516
7IM Moderately Adventurous C Inc,GB0033956391
7IM Moderately Cautious C Acc,GB0033953497
7IM Moderately Cautious C Inc,GB0033953273
7IM Real Return C Acc,GB00B75MS619
7IM Sustainable Balance C Acc,GB00B1LBFZ86
7IM Sustainable Balance C Inc,GB00B1LBG003
AS SICAV I Asn Smllr Coms X Acc GBP,LU0837967669
AS SICAV I EM Infras Eq X Acc GBP,LU0925744665
AS SICAV I Glbl Mid-Cap Eq X Acc GBP,LU2178690991
AS SICAV I Glbl Mid-Cap Eq X Acc H GBP,LU2153592634
AS SICAV I Indian Equity X Acc GBP,LU0837977031
AS SICAV I SelEuro HYBd X MInc GBP,LU0837981900
Aberdeen UK Property Feeder UT I Acc,GB00BTLX1P22
Aberdeen UK Property Feeder UT I Inc,GB00BTLX1Q39
Aberdeen UK Property Feeder UT M Acc,GB00BGRLZY68
Aberdeen UK Property Feeder UT M Inc,GB00BGRLZZ75
Aberdeen UK Property I Acc,GB00BTLX1F24
Aberdeen UK Property I Inc,GB00BTLX1G31
Aberdeen UK Property M Acc,GB00BGRLS691
Aberdeen UK Property M Inc,GB00BGRLZX51
Aegon Absolute Return Bond GBP C Acc,IE00B6SLQ646
Aegon Diversified Growth GBP B Acc,GB00B625LX43
Aegon Diversified Monthly Inc GBP B Acc,GB00BJFLQY60
Aegon Diversified Monthly Inc GBP B Inc,GB00BJFLR106
Aegon Ethical Cautious Managed GBP B Acc,GB00B7V2CD05
Aegon Ethical Cautious Managed GBP B Inc,GB00B7TCPG66
Aegon Ethical Corporate Bond GBP B Acc,GB00B018K352
Aegon Ethical Corporate Bond GBP B Inc,GB00B0C4RP31
Aegon Ethical Equity GBP B Acc,GB0007450884
Aegon Ethical Equity GBP B Inc,GB00B8FZHY88
Aegon Global Equity GBP B Acc,GB0007274516
Aegon Global Equity Income GBP B Acc,IE00BF5SVX39
Aegon Global Equity Income GBP C Inc,IE00BF5SW304
Aegon Global Eq Mkts Netrl GBP C Acc,IE00BYZJ2252
Aegon Global Sustainable Eq GBP B Acc,IE00BYZJ3441
Aegon High Yield Bond GBP B Acc,GB0031425563
Aegon High Yield Bond GBP B Inc,GB00B1N9DY51
Aegon Investment Grade Bond GBP B Acc,GB00B141C763
Aegon Investment Grade Bond GBP B Inc,GB00B142F707
Aegon Investment Grd Glbl Bd B Acc GBP H,IE00B296XP88
Aegon Sterling Corporate Bond GBP B Acc,GB0007451635
Aegon Sterling Corporate Bond GBP B Inc,GB0031599870
Aegon Strategic Bond GBP B Acc,GB00B3ZLQW29
Aegon Strategic Bond GBP B Inc,GB00B00MY367
Aegon UK Equity Absolute Ret GBP B Acc,GB00B4XS8040
Aegon UK Equity GBP B Acc,GB0007451411
Aegon UK Equity GBP B Inc,GB0030522683
Aegon UK Equity Income GBP B Acc,GB00B4ZMVX86
Aegon UK Equity Income GBP B Inc,GB00B4ZMYG27
Aegon UK Opportunities GBP B Acc,GB00B1N9DS91
Aegon UK Smaller Companies GBP B Acc,GB00B142FS18
Allianz Best Styles Global AC Eq C Acc,GB00BYQ91X80
Allianz Continental European C Acc,GB00B3Q8YX99
Allianz Emerging Markets Equity C Acc,GB00B0WDH832
Allianz European Equity Income C Acc,GB00B613Y740
Allianz European Equity Income C Inc,GB00B613Y633
Allianz Gilt Yield I Inc,GB0031383390
Allianz RiskMaster Cnsrv Mlt Asst C Acc,GB00B7V78Q03
Allianz RiskMaster Growth Mlt Asst C Acc,GB00B7V79R84
Allianz RiskMaster Mod Mlt Asst C Acc,GB00B7V78Y86
Allianz Strategic Bond C Inc,GB00B06T9362
Allianz Total Return Asian Equity C Acc,GB00BVYJ2G95
Allianz Total Return Asian Equity C Inc,GB00B1FRQV53
Allianz UK Opportunities C Acc GBP,GB00B8BB9445
Allianz UK Equity Income C Inc,GB00B82ZGC20
Allianz UK Mid Cap C Acc,GB00B83YTF22
Allianz US Equity C Acc,GB00B4N1GS74
Amundi Fds Pinr US EqFdm Gr R2 GBP C,LU1883856566
Amundi Fds Polen Cptl Glbl Gr R3 GBP C,LU2208987334
Amundi Fds Polen Cptl Glbl Gr R3 GBP AD,LU2208988142
ARC TIME Social Long Inc Fdr Tr I NetAcc,GB00BJK12P40
ARC TIME Social Long Inc Fdr Tr J NetInc,GB00BJK12Q56
ARC TIME Social Long Income A Gross Acc,GB00BJK12987
ARC TIME Social Long Income C Gross Inc,GB00BJK12C11
ARC TIME UK Infrastructure Income Acc,GB00BZ17GL78
ARC TIME UK Infrastructure Income Inc,GB00BZ17GM85
Ardevora Global Equity C GBP Acc,IE00B4XSRG30
Artemis Capital I Acc,GB00B2PLJM64
Artemis Corporate Bond I Acc GBP,GB00BFZ91W59
Artemis Corporate Bond I Inc GBP,GB00BKPWGV34
Artemis European Growth I Acc,GB00B2PLJD73
Artemis European Opportunities I Acc,GB00B6WFCR53
Artemis European Opportunities I Hdg Acc,GB00B6WFCS60
